"cde_id"	"source"	"amp_variable"	"amp_variable_description"	"amp_value_set"	"amp_extended_definition_comments"	"omop_concept_name"	"domain"	"omop_concept_class"	"omop_value_set"	"omop_value_as_strings"	"concept_comment"	"omop_vocab"	"datatype"	"units"
3	"AMP-AD"	"age_at_visit"	"Age of participant at time of clinical visit"	"Continuous; Range: 0-120; Unit: years"		"Age"	"Observation"	"Clinical Observation"				"LOINC"		"years"
5	"AMP-AD"	"age_death"	"Age at Death"			"Age at death"	"Observation"	"Clinical Observation"				"LOINC"	"numeric"	"years"
8	"AMP-AD"	"amyA"	"Indicator of Thal Phase, grouped"	"None | Thal Phase 1 or 2 | Thal Phase 3 | Thal Phase 4 or 5 | missing or unknown"		"Thal phase staging of amyloid plaques"	"Measurement"	"Staging / Scales"				"Nebraska Lexicon"		
9	"AMP-AD"	"amyAny"	"Presence of any amyloid pathology"	"True | False"		"Amyloid deposition"	"Observation"	"Morph Abnormality"				"SNOMED"		
11	"AMP-AD"	"amyThal"	"Amyloid Thal phase score"	"0-5"		"Thal phase staging of amyloid plaques"	"Measurement"	"Staging / Scales"				"Nebraska Lexicon"		
13	"AMP-AD"	"Braak"	"Braak stage for neurofibrillary tangle pathology"	"0 | I | II | III | IV | V | VI"		"Braak stage for presence of tau protein accompanying neurofibrillary degeneration in brain"	"Observation"	"Observable Entity"				"Nebraska Lexicon"		
14	"AMP-AD"	"braaksc"	"Braak Stage Values"	"0 | I | II | III | IV | V | VI"		"Braak pathology staging for neurofibrillary degeneration in brain"	"Measurement"	"Staging / Scales"				"Nebraska Lexicon"		
15	"AMP-AD"	"BrodmannArea"	"Brodmann area designation for brain tissue sample or region of interest"	"BA1 | BA2 | BA3 | BA4 | BA5 | BA6 | BA7 | BA8 | BA9 | BA10 | BA11 | BA17 | BA18 | BA19 | BA20 | BA21 | BA22 | BA24 | BA39 | BA40 | BA41 | BA42 | BA44 | BA45 | BA46 | BA47"		"Brodmann area"	"Spec Anatomic Site"	"Body Structure"	"37114881 | 37152194 | 37156623 | 37156628 | 37156629 |1243328 | 1243338 | 37156633 | 1243332 |1243277 | 37156634 | 37156635 | 1243340  1243279 37156636 1243336 37156646 1243322 1243275 1243330 37156647 37156648 37156652 37156653 37156654 37156655 37152199 37152200 37152201 37152202 37152203 37152204 37152205 37152206 37152207 1243334 1243278 37152208 1243276 1243326 37152209 1243271 1243324 37152210 37152211 37152212 1243320 37152213 37152214 37156656 37156657 37156658 37156659 37156662 37156663 37156665 37156666 37156668 37156669 37156670 37156671 4028249"			"SNOMED"		
16	"AMP-AD"	"bScore"	"Braak Staging as Binned Values"	"Braak Stage I-II | Braak Stage III-IV | Braak Stage V-VI"		"Braak pathology staging for neurofibrillary degeneration in brain"	"Measurement"	"Staging / Scales"				"Nebraska Lexicon"		
27	"AMP-AD"	"diagnosis"	"The diagnosis is an opportunity for the site investigator to give their opinion on a participant's most likely clinical diagnosis, regardless of cohort. The diagnosis may change over time because the site investigator may update the diagnosis at every longitudinal visit based on their opinion.ś"	"At-Risk RA | CLE | LN | OA | PsA | PsO | RA | SLE | SjD | control | dermatomyositis | scleroderma | vitiligo"		"Diagnosis"	"Observation"	"Observable Entity"				"SNOMED"		
29	"AMP-AD"	"ethnicity"	"Ethnicity"	"Not Hispanic or Latino | Hispanic or Latino | Unknown"		"Ethnicity OMB.1997"	"Observation"	"Clinical Observation"	"Hispanic or Latino | Not Hispanic or Latino"			"LOINC"		
30	"AMP-AD"	"exclude"	"Flag indicating whether data should be excluded from analysis"	"True | False | 1 | 0"		"Exclude"	"Meas Value"	"Qualifier Value"				"SNOMED"		
32	"AMP-AD"	"fastingState"	"Indicates whether the subject was in a fasting state at the time of specimen collection or clinical assessment"	"Fasted | Non-Fasted | Unknown"		"Fasting status - Reported"	"Observation"	"Clinical Observation"				"LOINC"		
34	"AMP-AD"	"individualID"	"Unique identifier assigned to each study participant. For multi-specimen data files provide all IDs in a comma-separated list."	"Must be unique across the study; for multi-specimen data files provide all IDs in a comma-separated list"		"Participant identifier"	"Observation"	"Clinical Observation"				"LOINC"		
35	"AMP-AD"	"isHispanic"	"Hispanic or Latino ethnicity indicator"	"True | False | 1 | 0"		"Hispanic or Latino"	"Ethnicity"	"Ethnicity"				"Ethnicity"		
36	"AMP-AD"	"isPostMortem"	"Indicator of whether the data or sample was collected post-mortem"	"True | False"		"Post mortem sample"	"Observation"	"Clinical Finding"				"SNOMED"		
40	"AMP-AD"	"path_braak_nft"	"BRAAK stage for neurofibrillary tangle pathology"	"0 | 1 | 2 | 3 | 4 | 5 | 6 | NA"		"Braak stage for presence of tau protein accompanying neurofibrillary degeneration in brain"	"Observation"	"Observable Entity"				"Nebraska Lexicon"		
43	"AMP-AD"	"race"	"Race"	"White | Black or African American | Native Hawaiian or Other Pacific Islander | Asian | American Indian or Alaska Native | Unknown | Multiracial"		"Race"	"Observation"	"Clinical Observation"	"American Indian or Alaska Native | American Indian/Alaskan Native | Asian | Asian Indian | Black or African American | Black/African American | I choose not to answer this question | Multiple races | Native Hawaiian | Native Hawaiian or Other Pacific Islander | Other | Other Pacific Islander | Pacific Islander | Prefer not to say | Samoan or Native Hawaiian | Unknown | White"			"LOINC"		
49	"AMP-AD"	"spanish"	"Indicator of Spanish ethnicity or language preference"	"True | False | 1 | 0"		"Hispanic: Hispanic Specific"	"Observation"	"Question"	"Chinese | English | I choose not to answer this question | Language other than English | Other | Spanish | Tagalog | Vietnamese"			"PPI/Observation/S"		
53	"AMP-AD"	"study_arm"	"Cohort (PD, healthy control, subjects with Scans Without Evidence of Dopaminergic Deficit [SWEDD], Prodromal, Genetic Cohort PD, or Genetic Cohort Unaffected) determined by the inclusion/exclusion criteria established in the study protocol. A given participant's cohort does not change over time, even if the participant develops or is later found to have characteristics of another cohort ."			"Clinical trial arm"	"Observation"	"Observable Entity"				"SNOMED"		
54	"AMP-AD"	"tissue"	"Tissue the biosample is a component of"	"adipose tissue | liver tissue | muscle tissue | pancreatic tissue | kidney tissue | other"		"specimen.specimen_concept_id"								
55	"AMP-AD"	"tissueVolume"	"Volume of tissue sample measured"			"Specimen volume measurement"	"Measurement"	"Procedure"				"SNOMED"		"mm^3"
59	"AMP-AD | AMP-CMD | AMP-PD | AMP-RA/SLE"	"sex"	"Sex"	"Male | Female | Intersex | Unknown"		"Recorded sex or gender"	"Observation"	"Clinical Observation"	"< | F | M | X"			"LOINC"		
61	"AMP-CMD"	"age.range"	"Age Range"	"Categorical age groups (e.g., 18-30, 31-45, 46-60, 61-75, 76+)"		"Age group"	"Observation"	"Clinical Observation"	"<65 years | > or equal to 65 years | Adolescent | Adult | Aged | Child | Infant | Middle aged | Newborn | Pre-school"			"LOINC"		
62	"AMP-CMD"	"age__unit__ontology_label"	"Ontology label for the unit of measurement used to express age"	"year | month | week | day"		"Age Unit"	"Observation"	"Observable Entity"				"CDISC"		
63	"AMP-CMD"	"age_at_visit"	"Age of participant at time of clinical visit"	"Continuous; Range: 0-120; Unit: years"		"Age"	"Observation"	"Clinical Observation"				"LOINC"		"years"
64	"AMP-CMD"	"Age_binned"	"Age categorized into predefined bins or ranges"	"Categorical bins (e.g., <40, 40-49, 50-59, 60-69, 70+)"		"Age group"	"Observation"	"Clinical Observation"	"<65 years | > or equal to 65 years | Adolescent | Adult | Aged | Child | Infant | Middle aged | Newborn | Pre-school"			"LOINC"		
73	"AMP-CMD"	"bmi__unit__ontology_label"	"Ontology label for the unit of measurement used for Body Mass Index"	"Standardized ontology term (e.g., kg/m^2, kilograms per square meter)"		"Unit of measure"	"Unit"	"Qualifier Value"				"SNOMED"		
75	"AMP-CMD"	"compartment"	"Anatomical or cellular compartment where measurement or sample was obtained"	"plasma | serum | whole blood | intracellular | extracellular | tissue | cell lysate | subcellular fraction"		"Structure of anatomical compartment"	"Spec Anatomic Site"	"Body Structure"				"SNOMED"		
80	"AMP-CMD"	"diagnosis"	"The diagnosis is an opportunity for the site investigator to give their opinion on a participant's most likely clinical diagnosis, regardless of cohort. The diagnosis may change over time because the site investigator may update the diagnosis at every longitudinal visit based on their opinion.ś"	"At-Risk RA | CLE | LN | OA | PsA | PsO | RA | SLE | SjD | control | dermatomyositis | scleroderma | vitiligo"		"Diagnosis"	"Observation"	"Observable Entity"				"SNOMED"		
81	"AMP-CMD"	"diagnosis_type"	"How was diagnosis made?"	"Clinical | Pathological | Unknown"		"Diagnosis type"	"Observation"	"Clinical Observation"	"Admitting diagnosis | Autopsy diagnosis | Clinical diagnosis | Cytology diagnosis | Death diagnosis | Diagnosis of exclusion | Differential diagnosis | Established diagnosis | Final diagnosis (discharge) | Laboratory diagnosis | Morphologic diagnosis | Palpatory diagnosis | Pathology diagnosis | Post-op diagnosis | Pre-op diagnosis | Preliminary diagnosis | Principal diagnosis | Prior diagnosis | Referral diagnosis | Revised diagnosis | Secondary diagnosis | Segmental diagnosis | Suggested billing diagnosis | Transfer admissions diagnosis | Transfer diagnosis | Working diagnosis | X-ray diagnosis"			"LOINC"		
83	"AMP-CMD"	"disease__ontology_id"	"Disease Ontology Identifier"	"Ontology identifier (e.g., MONDO, DOID, SNOMED CT)"		"Diagnosis type"	"Observation"	"Clinical Observation"				"LOINC"		
86	"AMP-CMD"	"disease_ontology_term_id"	"Disease Ontology standardized identifier"	"Ontology term identifier (e.g., DOID:####)"		"Diagnosis ICD code [Identifier]"	"Observation"	"Clinical Observation"				"LOINC"		
88	"AMP-CMD"	"diseasetype"	"Classification or category of metabolic disease"	"Enumerated list of metabolic disease types (e.g., Type 2 Diabetes, NAFLD, Obesity, Metabolic Syndrome)"		"Metabolic disease"	"Condition"	"Disorder"				"SNOMED"		
91	"AMP-CMD"	"ethnicity"	"Ethnicity"	"Not Hispanic or Latino | Hispanic or Latino | Unknown"		"Ethnicity OMB.1997"	"Observation"	"Clinical Observation"	"Hispanic or Latino | Not Hispanic or Latino"			"LOINC"		
92	"AMP-CMD"	"ethnicity__ontology_id"	"Standardized ontology identifier for participant ethnicity"	"Ontology identifiers (e.g., HANCESTRO, NCIT, MONDO codes)"		"Ethnicity"	"Observation"	"Qualifier Value"				"SNOMED"		
93	"AMP-CMD"	"ethnicity__ontology_label"	"Ontology-based standardized label for participant ethnicity"	"Standard ontology terms (e.g., HANCESTRO, OMRSE)"		"Ethnicity"	"Observation"	"Qualifier Value"				"SNOMED"		
94	"AMP-CMD"	"Fat.distribution"	"Body fat distribution"	"Abdominal/Central | Peripheral | Generalized | Normal"		"Distribution of body fat"	"Observation"	"Observable Entity"				"SNOMED"		
95	"AMP-CMD"	"Fibrosis.stage"	"Histological stage of liver fibrosis"	"F0 (No fibrosis) | F1 (Portal fibrosis) | F2 (Periportal fibrosis) | F3 (Bridging fibrosis) | F4 (Cirrhosis)"		"Fibrosis stage"	"Measurement"	"Lab Test"	"Bridging fibrosis with many septa | Bridging with fibrosis with few septa | Cirrhosis | No fibrosis | Portal fibrosis"			"LOINC"		
97	"AMP-CMD"	"height"	"Standing height of subject."			"Standing height"	"Measurement"	"Observable Entity"				"SNOMED"	"numeric"	
98	"AMP-CMD"	"Hepatocyte.necrosis"	"Presence or severity of hepatocyte necrosis observed in liver tissue"	"Absent;Minimal;Mild;Moderate;Severe"		"Hepatic necrosis"	"Condition"	"Disorder"				"SNOMED"		
99	"AMP-CMD"	"hypertension"	"Indicator of hypertension diagnosis or presence of high blood pressure"	"True, False, Yes, No, 1, 0"		"Hypertensive disorder"	"Condition"	"Disorder"				"SNOMED"		
101	"AMP-CMD"	"is_primary_data"	"Indicator of whether the data represents primary source data"	"true, false"		"Information source for data [PCORnet]"	"Observation"	"Survey"	"Healthcare delivery setting | No information | Other | Patient reported | Unknown"			"LOINC"		
103	"AMP-CMD"	"mod_schwab_england_pct_adl_score"	"Modified Schwab And England Percent ADL Score"	"0 - 100"		"Schwab England activities of daily living scale [UPDRS]"	"Measurement"	"Clinical Observation"	"46237986 | 46237868 | 46237462 | 46237460 | 46238168 | 46237987 | 46237458 | 46237459 | 46237461 | 46238061 | 46238060"	"With effort, now and then does a few chores alone or begins alone. Much help needed | More dependent. Help with half, slower, etc. Difficulty with everything. | Nothing alone. Can be a slight help with some chores. Severe invalid | Some dependency. Can do most chores, but exceedingly slowly and with much effort. Errors; some impossible | Totally dependent, helpless. Complete invalid | Vegetative functions such as swallowing, bladder and bowel functions are not functioning. Bedridden | Completely independent. Able to do all chores with some degree of slowness, difficulty and impairment. Might take twice as long. Beginning to be aware of difficulty | Completely independent in most chores. Takes twice as long. Conscious of difficulty and slowness | Very dependent. Can assist with all chores, but few alone | Not completely independent. More difficulty with some chores. Three to four times as long in some. Must spend a large part of the day with chores | Completely independent. Able to do all chores without slowness, difficulty or impairment. Essentially normal. Unaware of any difficulty"		"LOINC"		
110	"AMP-CMD"	"race"	"Race"	"White | Black or African American | Native Hawaiian or Other Pacific Islander | Asian | American Indian or Alaska Native | Unknown | Multiracial"		"Race"	"Observation"	"Clinical Observation"	"American Indian or Alaska Native | American Indian/Alaskan Native | Asian | Asian Indian | Black or African American | Black/African American | I choose not to answer this question | Multiple races | Native Hawaiian | Native Hawaiian or Other Pacific Islander | Other | Other Pacific Islander | Pacific Islander | Prefer not to say | Samoan or Native Hawaiian | Unknown | White"			"LOINC"		
114	"AMP-CMD"	"sample_type"	"Type of biospecimen used for analysis, e.g. CSF, Plasma, Serum, Blood, RNA"	"CSF, Plasma, RNA, Serum"		"specimen.specimen_concept_id"								
115	"AMP-CMD"	"self_reported_ethnicity_ontology_term_id"	"Ontology term identifier for participant's self-reported ethnicity"	"Ontology term ID (e.g., HANCESTRO, NCIT, or other standardized ethnicity ontology)"		"Ethnicity"	"Observation"	"Qualifier Value"				"SNOMED"		
116	"AMP-CMD"	"sex"	"Sex"	"Male | Female | Intersex | Unknown"		"Recorded sex or gender"	"Observation"	"Clinical Observation"	"< | F | M | X"			"LOINC"		
120	"AMP-CMD"	"study_arm"	"Cohort (PD, healthy control, subjects with Scans Without Evidence of Dopaminergic Deficit [SWEDD], Prodromal, Genetic Cohort PD, or Genetic Cohort Unaffected) determined by the inclusion/exclusion criteria established in the study protocol. A given participant's cohort does not change over time, even if the participant develops or is later found to have characteristics of another cohort ."			"Clinical trial arm"	"Observation"	"Observable Entity"				"SNOMED"		
121	"AMP-CMD"	"tissue"	"Tissue the biosample is a component of"	"Enumerated: adipose tissue, liver tissue, muscle tissue, pancreatic tissue, kidney tissue, other"		"specimen.specimen_concept_id"								
123	"AMP-CMD"	"tissue_type"	"Type of tissue collected or analyzed"	"Enumeration: adipose tissue, liver tissue, skeletal muscle, pancreatic tissue, blood vessel, kidney tissue, heart tissue, brain tissue, skin, other"		"specimen.specimen_concept_id"								
126	"AMP-PD"	"alcohol_consumed_years"	"How many years consumed alcohol heavily in the past?"	"1 - 51"		"Number of years alcohol consumed [Time]"	"Observation"	"Clinical Observation"				"LOINC"		
127	"AMP-PD"	"alcohol_consumption_change"	"Has your alcohol consumption changed over the past 10 years?"	"Yes | No | Unknown"		"Alcohol intake versus 10 years previously"	"Observation"	"Question"	"About the same | Do not know | Less nowadays | More nowadays | Prefer not to answer"			"UK Biobank"		
128	"AMP-PD"	"alcohol_current_use"	"Currentl alcohol use indicator"	"Yes | No | Unknown"		"Current drinker"	"Observation"	"Clinical Finding"				"SNOMED"		
129	"AMP-PD"	"alcohol_drinks_daily_range"	"Alcohol drinking day average drinks consumed range"			"Amount of alcohol drunk on a typical drinking day"	"Observation"	"Question"	"1 or 2 | 10 or more | 3 or 4 | 5 or 6 | 7, 8 or 9 | Prefer not to answer"			"UK Biobank"		
130	"AMP-PD"	"alcohol_drinks_day"	"How many drinks do you have on an average day?"	"0 - 10"		"How many standard drinks containing alcohol do you have on a typical day"	"Observation"	"Clinical Observation"	"1 or 2 | 10 or more | 3 or 4 | 5 or 6 | 7 to 9 | Average Daily Drink Count: 1 or 2 | Average Daily Drink Count: 10 or More | Average Daily Drink Count: 3 or 4 | Average Daily Drink Count: 5 or 6 | Average Daily Drink Count: 7 to 9"			"LOINC"		
131	"AMP-PD"	"alcohol_ever_used"	"Indicator of whether subject has ever used alcohol"	"Yes | No | Unknown"		"History of Alcohol use"	"Observation"	"Clinical Observation"				"LOINC"		
132	"AMP-PD"	"alcohol_inc_dec"	"Has there been a general increase or decrease in your consumption over a 10-year period."	"Decrease | Increase"		"Alcohol intake versus 10 years previously"	"Observation"	"Question"	"About the same | Do not know | Less nowadays | More nowadays | Prefer not to answer"			"UK Biobank"		
133	"AMP-PD"	"alcohol_prior_use"	"Indicator of the participant's/subject's alcohol consumption prior to the past 12 months"	"Yes | No | Unknown"		"History of Alcohol use"	"Observation"	"Clinical Observation"				"LOINC"		
134	"AMP-PD"	"alcohol_recent_use"	"Participant (subject) alcohol consumption past 12 months"	"Yes | No | Unknown"		"How often do you have a drink containing alcohol"	"Observation"	"Clinical Observation"				"LOINC/Observation/S"		
135	"AMP-PD"	"alcohol_related_hospitalization"	"Indicator of whether the participant/subject has been hospitalized for an alcohol-related problem (i.e., esophageal varices, delirium tremens (DTs), cirrhosis and others)"	"Yes | No | Unknown"		"Alcohol related disorders | Hospitalization"	"Meas Value | Condition"	"Answer | 3-char nonbill code"	"Hospitalized or emergency room [ESRD] | Most important health event to avoid | Type of complication"			"(composite)"		
136	"AMP-PD"	"alcohol_six_more_drinks_frequency"	"Alcohol consume six or more drinks frequency"	"Never | Less than monthly | Unknown | Monthly | Daily or almost daily | Weekly"		"Frequency of consuming six or more units of alcohol"	"Observation"	"Question"	"Daily or almost daily | Less than monthly | Monthly | Never | Prefer not to answer | Weekly"			"UK Biobank"		
137	"AMP-PD"	"alcohol_start_age"	"Age in years when participant/subject started ingesting alcoholic beverages, including social drinking"	"1 - 75"		"About how old were you when you first started drinking, not counting small tastes or sips of alcohol [PhenX]"	"Observation"	"Clinical Observation"				"LOINC"		
138	"AMP-PD"	"alcohol_stop_age"	"Age in years when participant/subject stopped ingesting alcoholic beverages, including social drinking"	"9 - 85"		"Age when stopped substance abuse"	"Observation"	"Clinical Observation"				"LOINC"		
139	"AMP-PD"	"alcohol_use_frequency"	"The frequency of consumption of alcohol by the participant"			"Frequency of drinking alcohol"	"Observation"	"Question"	"2 to 3 times a week | 2 to 4 times a month | 4 or more times a week | Monthly or less | Never | Prefer not to answer"			"UK Biobank"		
140	"AMP-PD"	"anosmia"	"Anosmia (per history or smell test)"	"Yes | No | NA"		"Loss of sense of smell"	"Condition"	"Clinical Finding"				"SNOMED/Condition/S"		
141	"AMP-PD"	"auton_dys"	"Severe dysautonomia (e.g. constipation requiring medications, urinary incontinence, orthostatic hypotension, anhidrosis)"	"Yes | No | NA"		"Disorder of autonomic nervous system | Severe"	"Observation | Condition"	"Disorder"				"SNOMED"		
142	"AMP-PD"	"biological_father_with_pd"	"Father Has Or Had Parkinson's Disease"	"No | Yes | Unknown"		"Family history with explicit context pertaining to father"	"Observation"	"Context-dependent"	"Diagnosed Health Condition: Father Nervous Condition | Including yourself, who in your family has had Parkinson's disease? Select all that apply."			"SNOMED/Observation/S"		
143	"AMP-PD"	"biological_mother_with_pd"	"Mother Has Or Had Parkinson's Disease"	"No | Yes | Unknown"		"Family history with explicit context pertaining to mother"	"Observation"	"Context-dependent"	"Diagnosed Health Condition: Mother Nervous Condition | Including yourself, who in your family has had Parkinson's disease? Select all that apply."			"SNOMED/Observation/S"		
144	"AMP-PD"	"caff_drinks_current_use"	"Current regular caffeinated drinks use indicator"	"Yes | No | Unknown"		"Currently | Caffeine intake"	"Observation"	"Observable Entity | Qualifier Value"				"(composite)"		
145	"AMP-PD"	"caff_drinks_ever_used_regularly"	"Indicator of whether subject has evere used caffeinated drinks"	"Yes | No | Unknown"		"Caffeine intake"	"Observation"	"Observable Entity"				"SNOMED"		
146	"AMP-PD"	"case_control_other_at_baseline"	"Case-Control-Other Status at Baseline"	"Case, Control, Other"		"Case control study | Baseline"	"Observation | Meas Value"	"Qualifier Value | Answer"	"Circulatory assist status [Identifier] | NIH stroke scale interval [NIH Stroke Scale]"			"(composite)"		
147	"AMP-PD"	"change_in_diagnosis"	"Change In Diagnosis Indicator"	"No | Yes"		"Revised diagnosis"	"Observation"	"Qualifier Value"				"SNOMED"		
149	"AMP-PD"	"cigarettes_packs_per_day"	"Average number packs of cigarettes smoked daily"	"Unknown | 0.5 pack or less | 1 pack | 0.5 pack | 2 or more packs | 1.5 pack"		"On the average of the entire time you smoked, how many cigarettes did you smoke per day [PhenX]"	"Observation"	"Clinical Observation"				"LOINC/Observation/S"		
150	"AMP-PD"	"cigarettes_per_day"	"Average number cigarettes smoked daily"			"On the average of the entire time you smoked, how many cigarettes did you smoke per day [PhenX]"	"Observation"	"Clinical Observation"				"LOINC/Observation/S"		
151	"AMP-PD"	"cigarettes_per_day_current"	"Current smokers: average number cigarettes per day?"	"0 - 250"		"Number of cigarettes currently smoked daily (current cigarette smokers)"	"Observation"	"Question"	"Do not know | Less than one a day | Prefer not to answer"			"UK Biobank"		
152	"AMP-PD"	"cigarettes_per_day_past"	"Past smokers: average number of cigarettes smoked daily?"	"0 - 80"		"Number of cigarettes previously smoked daily"	"Observation"	"Question"	"Do not know | Less than one a day"			"UK Biobank"		
153	"AMP-PD"	"dat"	"Dopamine transporter scan result"	"Positive | Negative | NA"		"Single photon emission computed tomography for dopamine transport"	"Procedure"	"Procedure"			"Mapped concept is a Procedure (SNOMED 429781007); the recorded value set is a scan interpretation/result (Positive/Negative), which a Procedure concept cannot carry directly — needs a report/result modifier or qualifier concept to represent the interpretation."	"SNOMED"		
154	"AMP-PD"	"datscan_visual_interpretation"	"DaTSCAN SPECT Visual Interpretation Assessment Report"	"Positive | Negative"		"Single photon emission computed tomography for dopamine transport"	"Procedure"	"Procedure"			"Mapped concept is a Procedure (SNOMED 429781007); the recorded value set is a scan interpretation/result (Positive/Negative), which a Procedure concept cannot carry directly — needs a report/result modifier or qualifier concept to represent the interpretation."	"SNOMED"		
157	"AMP-PD"	"diagnosis_type"	"How was diagnosis made?"	"Clinical | Pathological | Unknown"		"Diagnosis type"	"Observation"	"Clinical Observation"	"Admitting diagnosis | Autopsy diagnosis | Clinical diagnosis | Cytology diagnosis | Death diagnosis | Diagnosis of exclusion | Differential diagnosis | Established diagnosis | Final diagnosis (discharge) | Laboratory diagnosis | Morphologic diagnosis | Palpatory diagnosis | Pathology diagnosis | Post-op diagnosis | Pre-op diagnosis | Preliminary diagnosis | Principal diagnosis | Prior diagnosis | Referral diagnosis | Revised diagnosis | Secondary diagnosis | Segmental diagnosis | Suggested billing diagnosis | Transfer admissions diagnosis | Transfer diagnosis | Working diagnosis | X-ray diagnosis"			"LOINC"		
163	"AMP-PD"	"ess0101_sitting_and_reading"	"ESS - Sitting And Reading (ESS0101)"	"Would Never Doze | Slight Chance Of Dozing | Moderate Chance Of Dozing | High Chance Of Dozing"		"Epworth Sleepiness Scale"	"Measurement"	"Staging / Scales"				"SNOMED"		
164	"AMP-PD"	"ess0102_watching_tv"	"ESS - Watching TV (ESS0102)"	"Would Never Doze | Slight Chance Of Dozing | Moderate Chance Of Dozing | High Chance Of Dozing"		"Epworth Sleepiness Scale"	"Measurement"	"Staging / Scales"				"SNOMED"		
165	"AMP-PD"	"ess0103_sitting_inactive_in_public_place"	"ESS - Sitting, Inactive In A Public Place (ESS0103)"	"Would Never Doze | Slight Chance Of Dozing | Moderate Chance Of Dozing | High Chance Of Dozing"		"Epworth Sleepiness Scale"	"Measurement"	"Staging / Scales"				"SNOMED"		
166	"AMP-PD"	"ess0104_passenger_in_car_for_hour"	"ESS - As A Passenger In A Car For An Hour Without A Break (ESS0104)"	"Would Never Doze | Slight Chance Of Dozing | Moderate Chance Of Dozing | High Chance Of Dozing"		"Epworth Sleepiness Scale"	"Measurement"	"Staging / Scales"				"SNOMED"		
167	"AMP-PD"	"ess0105_lying_down_to_rest_in_afternoon"	"ESS - Lying Down To Rest In The Afternoon When Circumstances Permit (ESS0105)"	"Would Never Doze | Slight Chance Of Dozing | Moderate Chance Of Dozing | High Chance Of Dozing"		"Epworth Sleepiness Scale"	"Measurement"	"Staging / Scales"				"SNOMED"		
168	"AMP-PD"	"ess0106_sitting_and_talking_to_someone"	"ESS - Sitting And Talking To Someone (ESS0106)"	"Would Never Doze | Slight Chance Of Dozing | Moderate Chance Of Dozing | High Chance Of Dozing"		"Epworth Sleepiness Scale"	"Measurement"	"Staging / Scales"				"SNOMED"		
169	"AMP-PD"	"ess0107_sitting_after_lunch"	"ESS - Sitting Quietly After A Lunch Without Alcohol (ESS0107)"	"Would Never Doze | Slight Chance Of Dozing | Moderate Chance Of Dozing | High Chance Of Dozing"		"Epworth Sleepiness Scale"	"Measurement"	"Staging / Scales"				"SNOMED"		
170	"AMP-PD"	"ess0108_car_stopped_in_traffic"	"ESS - In A Car, While Stopped For A Few Minutes In The Traffic (ESS0108)"	"Would Never Doze | Slight Chance Of Dozing | Moderate Chance Of Dozing | High Chance Of Dozing"		"Epworth Sleepiness Scale"	"Measurement"	"Staging / Scales"				"SNOMED"		
171	"AMP-PD"	"ess_info_source"	"ESS - Primary Source Of Information"	"Patient | Patient and Caregiver | Caregiver"		"Information source"	"Measurement"	"Clinical Observation"				"LOINC"		
173	"AMP-PD"	"ethnicity"	"Ethnicity"	"Not Hispanic or Latino | Hispanic or Latino | Unknown"		"Ethnicity OMB.1997"	"Observation"	"Clinical Observation"	"Hispanic or Latino | Not Hispanic or Latino"			"LOINC"		
174	"AMP-PD"	"exec_dys"	"Executive dysfunction, such as bradyphrenia, set shifting impairment, impaired attention/planning"	"Yes | No | NA"		"Impaired executive functioning"	"Condition"	"Clinical Finding"				"SNOMED"		
175	"AMP-PD"	"fluc_cogn"	"Fluctuating cognition"	"Yes | No | NA"		"Fluctuating | Cognitive function finding"	"Observation | Meas Value"	"Clinical Finding | Qualifier Value"				"(composite)"		
180	"AMP-PD"	"mds_updrs_part_i_pat_quest_primary_info_source"	"MDS-UPDRS Part I Patient Questionnaire Primary Source Of Information"	"Patient | Patient and Caregiver - Equal Proportion | Caregiver"		"MDS-UPDRS"	"Observation"	"Observable Entity"	"Mild. Consistent forgetfulness with partial recollection of events and no other difficulties | Moderate memory loss, with disorientation and moderate difficulty handling complex problems, Mild but definite impairment of function at home with need of occasional prompting | None | Severe memory loss with disorientation for time and often to place. Severe impairment in handling problems | Severe memory loss with orientation preserved to person only. Unable to make judgments or solve problems. Requires much help with personal care. Cannot be left alone at all"			"CDISC"		
182	"AMP-PD"	"mds_updrs_part_i_primary_info_source"	"MDS-UPDRS Part I Questions 1-6 Primary Source Of Information"	"Patient | Patient and Caregiver - Equal Proportion | Caregiver"		"MDS-UPDRS"	"Observation"	"Observable Entity"	"Mild. Consistent forgetfulness with partial recollection of events and no other difficulties | Moderate memory loss, with disorientation and moderate difficulty handling complex problems, Mild but definite impairment of function at home with need of occasional prompting | None | Severe memory loss with disorientation for time and often to place. Severe impairment in handling problems | Severe memory loss with orientation preserved to person only. Unable to make judgments or solve problems. Requires much help with personal care. Cannot be left alone at all"			"CDISC"		
185	"AMP-PD"	"mds_updrs_part_ii_primary_info_source"	"MDS-UPDRS Part II Primary Source Of Information"	"Patient | Patient and Caregiver - Equal Proportion | Caregiver"		"MDS-UPDRS"	"Observation"	"Observable Entity"	"None | Periods of sadness or guilt greater than normal, never sustained for days or weeks | Sustained depression 1 week or more | Sustained depression with vegetative symptoms and suicidal thoughts or intent | Sustained depression with vegetative symptoms insomnia, anorexia, weight loss, loss of interest"			"CDISC"		
189	"AMP-PD"	"memory_loss"	"Memory loss"	"Yes | No | NA"		"Amnesia"	"Condition"	"Clinical Finding"				"SNOMED/Condition/S"		
191	"AMP-PD"	"mms101b_season"	"MMSE - What Is The Season (MMS101B)"	"Correct | Incorrect"		"Folstein Mini-mental State Examination: Is patient oriented to season?"	"Observation"	"Observable Entity"				"Nebraska Lexicon"		
193	"AMP-PD"	"mms101d_day"	"MMSE - What Is the Day of Week (MMS101D)"	"Correct | Incorrect"		"Temporal orientation - current day of the week [CMS Assessment]"	"Observation"	"Survey"	"45880255 | 45880253"	"Incorrect or no answer | Correct"		"LOINC"		
194	"AMP-PD"	"mms101e_date"	"MMSE - What Is The Date (MMS101E)"	"Correct | Incorrect"		"MMS1-What Is the Date"	"Observation"	"Observable Entity"	"These  Mini-Mental State Examination (MMSE) concept codes are valid but non-standard. When visiting Athena, there will be no title or description but it will include the CDISC code which can be used to look up more details. Link to EVS."			"CDISC"		
195	"AMP-PD"	"mms102a_state"	"MMSE - What Is The State (MMS102A)"	"Correct | Incorrect"		"MMS1-What Is the State"	"Observation"	"Observable Entity"	"These  Mini-Mental State Examination (MMSE) concept codes are valid but non-standard. When visiting Athena, there will be no title or description but it will include the CDISC code which can be used to look up more details. Link to EVS."			"CDISC"		
196	"AMP-PD"	"mms102b_county"	"MMSE - What Is The County (MMS102B)"	"Correct | Incorrect"		"MMS1-What Is the County"	"Observation"	"Observable Entity"	"These  Mini-Mental State Examination (MMSE) concept codes are valid but non-standard. When visiting Athena, there will be no title or description but it will include the CDISC code which can be used to look up more details. Link to EVS."			"CDISC"		
197	"AMP-PD"	"mms102c_city"	"MMSE - What Is The City Or Town (MMS102C)"	"Correct | Incorrect"		"MMS1-What Is the City/Town"	"Observation"	"Observable Entity"	"These  Mini-Mental State Examination (MMSE) concept codes are valid but non-standard. When visiting Athena, there will be no title or description but it will include the CDISC code which can be used to look up more details. Link to EVS."			"CDISC"		
198	"AMP-PD"	"mms102d_address"	"MMSE - What Is The Building (MMS102D)"	"Correct | Incorrect"		"MMS1-What Is the Building"	"Observation"	"Observable Entity"	"These  Mini-Mental State Examination (MMSE) concept codes are valid but non-standard. When visiting Athena, there will be no title or description but it will include the CDISC code which can be used to look up more details. Link to EVS."			"CDISC"		
199	"AMP-PD"	"mms102e_floor"	"MMSE - What Is The Floor (MMS102E)"	"Correct | Incorrect"		"MMS1-What Is the Floor"	"Observation"	"Observable Entity"	"These  Mini-Mental State Examination (MMSE) concept codes are valid but non-standard. When visiting Athena, there will be no title or description but it will include the CDISC code which can be used to look up more details. Link to EVS."			"CDISC"		
210	"AMP-PD"	"mmse"	"Last MMSE"	"[0-30] | NA"		"Mini-Mental State Examination [MMSE]"	"Observation"	"Survey"				"LOINC"		
249	"AMP-PD"	"mod_schwab_england_pct_adl_score"	"Modified Schwab And England Percent ADL Score"	"0 - 100"		"Schwab England activities of daily living scale [UPDRS]"	"Measurement"	"Clinical Observation"	"46237986 | 46237868 | 46237462 | 46237460 | 46238168 | 46237987 | 46237458 | 46237459 | 46237461 | 46238061 | 46238060"	"With effort, now and then does a few chores alone or begins alone. Much help needed | More dependent. Help with half, slower, etc. Difficulty with everything. | Nothing alone. Can be a slight help with some chores. Severe invalid | Some dependency. Can do most chores, but exceedingly slowly and with much effort. Errors; some impossible | Totally dependent, helpless. Complete invalid | Vegetative functions such as swallowing, bladder and bowel functions are not functioning. Bedridden | Completely independent. Able to do all chores with some degree of slowness, difficulty and impairment. Might take twice as long. Beginning to be aware of difficulty | Completely independent in most chores. Takes twice as long. Conscious of difficulty and slowness | Very dependent. Can assist with all chores, but few alone | Not completely independent. More difficulty with some chores. Three to four times as long in some. Must spend a large part of the day with chores | Completely independent. Able to do all chores without slowness, difficulty or impairment. Essentially normal. Unaware of any difficulty"		"LOINC"		
250	"AMP-PD"	"mood_dis"	"Mood disorder (depression and/or anxiety)"	"Yes | No | NA"		"Mood disorder"	"Condition"	"Disorder"				"SNOMED"		
252	"AMP-PD"	"mri_results"	"MRI results"	"Abnormal, not clinically significant | Normal | Abnormal, clinically significant"		"Magnetic resonance imaging | Imaging interpretation"	"Procedure | Measurement"	"Procedure | Observable Entity"				"(picked set)"		
274	"AMP-PD"	"neurolep_sens"	"Neuroleptic sensitivity"	"Yes | No | NA"		"Positive response to neuroleptics"	"Meas Value"	"Answer"	"Psychotic symptoms respond to antipsychotic medications [DI-PAD]"			"LOINC"		
275	"AMP-PD"	"on_dopamine_agonist"	"Is Subject Taking A Dopamine Agonist?"	"No | Yes | Unknown"		"Dopamine receptor agonist"	"Observation"	"Substance"				"SNOMED"		
276	"AMP-PD"	"on_levodopa"	"Is Subject Taking Levodopa?"	"No | Yes | Unknown"		"levodopa"	"Drug"	"Ingredient"				"RxNorm/Drug/S"		
277	"AMP-PD"	"on_other_pd_medications"	"Is Subject Taking Some Other PD Medication(s)?"	"No | Yes | Unknown"		"Are you currently prescribed medications and/or receiving treatment for Parkinson's disease?"	"Observation"	"Question"	"Are you currently prescribed medications and/or receiving treatment for Parkinson's disease? - No | Are you currently prescribed medications and/or receiving treatment for Parkinson's disease? - Yes"			"PPI"		
278	"AMP-PD"	"other_relative_with_pd"	"Other Relative Has Or Had Parkinson's Disease"	"No | Yes | Unknown"		"Including yourself, who in your family has had Parkinson's disease? Select all that apply."	"Observation"	"Question"	"Including yourself, who in your family has had Parkinson's disease? - Daughter | Including yourself, who in your family has had Parkinson's disease? - Father | Including yourself, who in your family has had Parkinson's disease? - Grandparent | Including yourself, who in your family has had Parkinson's disease? - Mother | Including yourself, who in your family has had Parkinson's disease? - Self | Including yourself, who in your family has had Parkinson's disease? - Sibling | Including yourself, who in your family has had Parkinson's disease? - Son"			"PPI"		
279	"AMP-PD"	"parkinsonism"	"Parkinsonism on clinical examination"	"Yes | No | NA"		"Parkinsonism"	"Condition"	"Disorder"				"SNOMED"		
281	"AMP-PD"	"path_braak_lb"	"BRAAK stage for Lewy body pathology"	"0 | 1 | 2 | 3 | 4 | 5 | 6 | NA"		"Braak pathology staging for Lewy body progression in Parkinsons disease"	"Measurement"	"Staging / Scales"				"Nebraska Lexicon"		
282	"AMP-PD"	"path_braak_nft"	"BRAAK stage for neurofibrillary tangle pathology"	"0 | 1 | 2 | 3 | 4 | 5 | 6 | NA"		"Braak stage for presence of tau protein accompanying neurofibrillary degeneration in brain"	"Observation"	"Observable Entity"				"Nebraska Lexicon"		
283	"AMP-PD"	"path_cerad"	"CERAD scoreś"	"0 | A | B | C | NA"		"CERAD score for the extent of presence of diffuse plaques in the neocortex"	"Observation"	"Observable Entity"				"Nebraska Lexicon"		
284	"AMP-PD"	"path_dlb_prob"	"Likelihood of DLB based on McKeith criteria"	"Low Likelihood | Intermediate Likelihood | High Likelihood | NA"		"DLB consortium neuropathologic criteria for diagnosis of Lewy Body Dementia total score"	"Observation"	"Observable Entity"				"Nebraska Lexicon"		
336	"AMP-PD"	"pres_symptom"	"Presenting symptom"	"Cognitive symptoms | Motor symptoms | Both cognitive and motor symptoms | Psychiatric (depression/anxiety/psychosis) | NA"		"Chief complaint"	"Condition"	"Observable Entity"				"SNOMED"		
338	"AMP-PD"	"psychosis"	"Psychotic thought disorder"	"Yes | No | NA"		"Psychotic disorder"	"Condition"	"Disorder"				"SNOMED"		
339	"AMP-PD"	"race"	"Race"	"White | Black or African American | Native Hawaiian or Other Pacific Islander | Asian | American Indian or Alaska Native | Unknown | Multiracial"		"Race"	"Observation"	"Clinical Observation"	"American Indian or Alaska Native | American Indian/Alaskan Native | Asian | Asian Indian | Black or African American | Black/African American | I choose not to answer this question | Multiple races | Native Hawaiian | Native Hawaiian or Other Pacific Islander | Other | Other Pacific Islander | Pacific Islander | Prefer not to say | Samoan or Native Hawaiian | Unknown | White"			"LOINC"		
373	"AMP-PD"	"sample_type"	"Type of biospecimen used for analysis, e.g. CSF, Plasma, Serum, Blood, RNA"	"CSF, Plasma, RNA, Serum"		"specimen.specimen_concept_id"								
383	"AMP-PD"	"sex"	"Sex"	"Male | Female | Intersex | Unknown"		"Recorded sex or gender"	"Observation"	"Clinical Observation"	"< | F | M | X"			"LOINC"		
384	"AMP-PD"	"smell_detail"	"UPSIT 40 smell test score"	"[0-40] | NA"		"Assessment using University of Pennsylvania Smell Identification Test"	"Measurement"	"Procedure"				"SNOMED"		
388	"AMP-PD"	"smoked_100_more_cigarettes"	"Current tobacco use indicator"	"Yes | No | Unknown"		"Smoked at least 100 cigarettes in entire life"	"Observation"	"Clinical Observation"				"LOINC/Observation/S"		
389	"AMP-PD"	"spect_pet_perf"	"SPECT or PET perfusion scan showing occipital hypometabolism"	"Yes | No | NA"		"Brain imaging, positron emission tomography (PET); perfusion evaluation | Occipital Brain"	"Procedure | Measurement"	"CPT4 | Topography"				"(composite)"		
390	"AMP-PD"	"study_arm"	"Cohort (PD, healthy control, subjects with Scans Without Evidence of Dopaminergic Deficit [SWEDD], Prodromal, Genetic Cohort PD, or Genetic Cohort Unaffected) determined by the inclusion/exclusion criteria established in the study protocol. A given participant's cohort does not change over time, even if the participant develops or is later found to have characteristics of another cohort ."			"Clinical trial arm"	"Observation"	"Observable Entity"				"SNOMED"		
392	"AMP-PD"	"test_name"	"Name of the biospecimen test"	"Abeta, Tau, beta-glucocerebrosidase, p-Tau"		"Referral lab test name"	"Measurement"	"Lab Test"				"LOINC"		
393	"AMP-PD"	"test_units"	"Biospecimen test units of measure"	"%CV, Average (pmol/min/mL), Ct Avg, RFU, Stdev, mg/mL, ng/mL, pg/mL, ug/mL"		"Unit of measure"	"Unit"	"Qualifier Value"				"SNOMED"		
394	"AMP-PD"	"test_value"	"Biospecimen test result (numeric)"	"-10-713, 0-22, 1-3710, 49-354600"		"Preliminary testing result Specimen"	"Measurement"	"Clinical Observation"	"Influenza A | Influenza B | Negative | Other"			"LOINC"		
395	"AMP-PD"	"tobacco_current_use"	"Indicator of whether in your lifetime subject have smoked 100 or more cigarettes (5 packs)"	"Yes | No | Unknown"		"Tobacco smoking status"	"Observation"	"Clinical Observation"	"Current every day smoker | Current some day smoker | Former smoker | Heavy tobacco smoker | Light tobacco smoker | Never smoker | Smoker, current status unknown | Unknown if ever smoked"			"LOINC"		
396	"AMP-PD"	"tobacco_ever_used"	"Indicator of whether subject has ever used tobacco"	"Yes | No | Unknown"		"Lifetime tobacco use"	"Observation"	"Clinical Observation"				"LOINC"		
397	"AMP-PD"	"tobacco_prior_use"	"Indicator of the participant's/subject's past regular tobacco (e.g. cigarettes, cigars, chewing tobacco or pipe) use prior to the past 12 months"	"Yes | No | Unknown"		"How often have you used any tobacco product in past 12 months"	"Observation"	"Clinical Observation"	"Daily or almost daily | Less than monthly | Monthly | Never | Once or twice | Weekly"			"LOINC"		
399	"AMP-PD"	"tobacco_recent_use"	"Tobacco recent use indicator"	"Yes | No | Unknown"		"Documentation that patient is a current tobacco user"	"Observation"	"HCPCS"				"HCPCS"		
458	"AMP-PD"	"upd2101_cognitive_impairment"	"1.01 MDS-UPDRS - Cognitive Impairment (UPD2101)"	"Normal | Slight | Mild | Moderate | Severe"		"Intellectual impairment scale [UPDRS]"	"Measurement"	"Clinical Observation"	"46237859 | 46237417 | 45878582 | 46237369 | 46238049"	"Moderate memory loss, with disorientation and moderate difficulty handling complex problems, Mild but definite impairment of function at home with need of occasional prompting | Mild. Consistent forgetfulness with partial recollection of events and no other difficulties | None | Severe memory loss with orientation preserved to person only. Unable to make judgments or solve problems. Requires much help with personal care. Cannot be left alone at all | Severe memory loss with disorientation for time and often to place. Severe impairment in handling problems"		"LOINC"		
459	"AMP-PD"	"upd2102_hallucinations_and_psychosis"	"1.02 MDS-UPDRS - Hallucinations and Psychosis (UPD2102)"	"Normal | Slight | Mild | Moderate | Severe"		"Thought disorder scale [UPDRS]"	"Measurement"	"Clinical Observation"	"46237418 | 46238155 | 45878582 | 46238050 | 46237814"	"Benign hallucinations with insight retained | Vivid dreaming | None | Persistent hallucinations, delusions, or florrid psychosis. Not able to care for self | Occasional to frequent hallucinations or delusions; without insight; could interfere with daily activities"		"LOINC"		
460	"AMP-PD"	"upd2103_depressed_mood"	"1.03 MDS-UPDRS - Depressed Mood (UPD2103)"	"Normal | Slight | Mild | Moderate | Severe"		"Depression scale [UPDRS]"	"Measurement"	"Clinical Observation"	"46238156 | 46237451 | 45878582 | 46237452 | 46238157"	"Sustained depression 1 week or more | Periods of sadness or guilt greater than normal, never sustained for days or weeks | None | Sustained depression with vegetative symptoms and suicidal thoughts or intent | Sustained depression with vegetative symptoms insomnia, anorexia, weight loss, loss of interest"		"LOINC"		
461	"AMP-PD"	"upd2104_anxious_mood"	"1.04 MDS-UPDRS - Anxious Mood (UPD2104)"	"Normal | Slight | Mild | Moderate | Severe"		"UPD2-Anxious Mood"	"Observation"	"Observable Entity"				"CDISC"		
462	"AMP-PD"	"upd2105_apathy"	"1.05 MDS-UPDRS - Apathy (UPD2105)"	"Normal | Slight | Mild | Moderate | Severe"		"Motivation or initiative scale [UPDRS]"	"Measurement"	"Clinical Observation"	"46238051 | 46237419 | 45884153 | 46238158 | 46237370"	"Withdrawn, complete loss of motivation | Loss of initiative or disinterest in day to day routine activities | Normal | Less assertive than usual; more passive | Loss of initiative or disinterest in elective nonroutine activities"		"LOINC"		
463	"AMP-PD"	"upd2106_dopamine_dysregulation_syndrome_features"	"1.06 MDS-UPDRS - Features of Dopamine Dysregulation Syndrome (UPD2106)"	"Normal | Slight | Mild | Moderate | Severe"		"UPD2-Ftrs Dopa Dysregulation Synd"	"Observation"	"Observable Entity"				"CDISC"		
464	"AMP-PD"	"upd2107_pat_quest_sleep_problems"	"1.07 MDS-UPDRS - Sleep Problems (UPD2107)"	"Normal | Slight | Mild | Moderate | Severe"		"Sleep disturbances indicator in the past week [UPDRS]"	"Observation"	"Clinical Observation"	"45878245 | 45877994"	"No | Yes"		"LOINC"		
465	"AMP-PD"	"upd2108_pat_quest_daytime_sleepiness"	"1.08 MDS-UPDRS - Daytime Sleepiness (UPD2108)"	"Normal | Slight | Mild | Moderate | Severe"		"Sleep disturbances indicator in the past week [UPDRS]"	"Observation"	"Clinical Observation"	"45878245 | 45877994"	"No | Yes"		"LOINC"		
466	"AMP-PD"	"upd2109_pat_quest_pain_and_other_sensations"	"1.09 MDS-UPDRS - Pain And Other Sensations (UPD2109)"	"Normal | Slight | Mild | Moderate | Severe"		"Sensory complaints related to parkinsonism scale [UPDRS]"	"Measurement"	"Clinical Observation"	"46237373 | 46237455 | 46237424 | 46238058 | 45878582"	"Frequent painful sensations | Occasionally has numbness, tingling, or mild aching | Excruciating pain | Frequently has numbness, tingling, or aching; not distressing | None"		"LOINC"		
467	"AMP-PD"	"upd2110_pat_quest_urinary_problems"	"1.10 MDS-UPDRS - Urinary Problems (UPD2110)"	"Normal | Slight | Mild | Moderate | Severe"		"UPD2-Urinary Problems"	"Observation"	"Observable Entity"	"Mildly affected. No difficulty being understood. | Moderately affected. Sometimes asked to repeat statements. | Normal | Severely affected. Frequently asked to repeat statements. | Unintelligible most of the time."			"CDISC"		
468	"AMP-PD"	"upd2111_pat_quest_constipation_problems"	"1.11 MDS-UPDRS - Constipation Problems (UPD2111)"	"Normal | Slight | Mild | Moderate | Severe"		"UPD2-Constipation Problems"	"Observation"	"Observable Entity"	"Mildly affected. No difficulty being understood. | Moderately affected. Sometimes asked to repeat statements. | Normal | Severely affected. Frequently asked to repeat statements. | Unintelligible most of the time."			"CDISC"		
469	"AMP-PD"	"upd2112_pat_quest_lightheadedness_on_standing"	"1.12 MDS-UPDRS - Lightheadedness on Standing (UPD2112)"	"Normal | Slight | Mild | Moderate | Severe"		"Lightheadedness | Standing Position"	"Observation | Spec Anatomic Site"	"Clinical Finding | Main Heading"				"(composite)"		
470	"AMP-PD"	"upd2113_pat_quest_fatigue"	"1.13 MDS-UPDRS - Fatigue (UPD2113)"	"Normal | Slight | Mild | Moderate | Severe"		"UPD2-Fatigue"	"Observation"	"Observable Entity"	"Mildly affected. No difficulty being understood. | Moderately affected. Sometimes asked to repeat statements. | Normal | Severely affected. Frequently asked to repeat statements. | Unintelligible most of the time."			"CDISC"		
471	"AMP-PD"	"upd2201_speech"	"2.01 MDS-UPDRS - Speech (UPD2201)"	"Normal | Slight | Mild | Moderate | Severe"		"Speech [UPDRS]"	"Observation"	"Clinical Observation"	"45877135 | 45882621 | 45881765 | 45884153 | 45878905"	"Monotone, slurred but understandable; moderately impaired | Unintelligible | Marked impairment, difficult to understand | Normal | Slight loss of expression, diction, and/or volume"		"LOINC"		
472	"AMP-PD"	"upd2202_saliva_and_drooling"	"2.02 MDS-UPDRS - Saliva And Drooling (UPD2202)"	"Normal | Slight | Mild | Moderate | Severe"		"Salivation scale [UPDRS]"	"Measurement"	"Clinical Observation"	"46237815 | 45884153 | 46237977 | 46237860 | 46238052"	"Marked drooling, requires constant tissue or handkerchief | Normal | Moderately excessive saliva; may have minimal drooling | Slight but definite excess of saliva in mouth; may have nighttime drooling | Marked excess of saliva with some drooling"		"LOINC"		
473	"AMP-PD"	"upd2203_chewing_and_swallowing"	"2.03 MDS-UPDRS - Chewing And Swallowing (UPD2203)"	"Normal | Slight | Mild | Moderate | Severe"		"Swallowing scale [UPDRS]"	"Measurement"	"Clinical Observation"	"46237371 | 45884153 | 46237978 | 46238053 | 46237816"	"Occasional choking | Normal | Requires soft food | Rare choking | Requires NG tube or gastrostomy feeding"		"LOINC"		
474	"AMP-PD"	"upd2204_eating_tasks"	"2.04 MDS-UPDRS - Eating Tasks (UPD2204)"	"Normal | Slight | Mild | Moderate | Severe"		"UPD2-Eating Tasks"	"Observation"	"Observable Entity"	"Normal | Occasional choking | Rare choking | Requires NG tube or gastrostomy feeding | Requires soft food"			"CDISC"		
475	"AMP-PD"	"upd2205_dressing"	"2.05 MDS-UPDRS - Dressing (UPD2205)"	"Normal | Slight | Mild | Moderate | Severe"		"Dressing scale [UPDRS]"	"Measurement"	"Clinical Observation"	"46238159 | 46237420 | 46238057 | 46238056 | 45884153"	"Helpless | Somewhat slow, but no help needed | Considerable help required, but can do some things alone | Occasional assistance with buttoning, getting arms in sleeves | Normal"		"LOINC"		
476	"AMP-PD"	"upd2206_hygiene"	"2.06 MDS-UPDRS - Hygiene (UPD2206)"	"Normal | Slight | Mild | Moderate | Severe"		"Hygiene scale [UPDRS]"	"Measurement"	"Clinical Observation"	"46237420 | 46238160 | 45884153 | 46238161 | 46238162"	"Somewhat slow, but no help needed | Needs help to shower or bathe; or very slow in hygienic care | Normal | Requires assistance for washing, brushing teeth, combing hair, going to bathroom | Foley catheter or other mechanical aids"		"LOINC"		
477	"AMP-PD"	"upd2207_handwriting"	"2.07 MDS-UPDRS - Handwriting (UPD2207)"	"Normal | Slight | Mild | Moderate | Severe"		"Handwriting scale [UPDRS]"	"Measurement"	"Clinical Observation"	"46237979 | 45884153 | 46237453 | 46237980 | 46237861"	"Slightly slow or small | Normal | The majority of words are not legible | Moderately slow or small; all words are legible | Severely affected; not all words are legible"		"LOINC"		
478	"AMP-PD"	"upd2208_doing_hobbies_and_other_activities"	"2.08 MDS-UPDRS - Doing Hobbies And Other Activities (UPD2208)"	"Normal | Slight | Mild | Moderate | Severe"		"UPD2-Doing Hobbies/Other Activities"	"Observation"	"Observable Entity"				"CDISC"		
479	"AMP-PD"	"upd2209_turning_in_bed"	"2.09 MDS-UPDRS - Turning In Bed (UPD2209)"	"Normal | Slight | Mild | Moderate | Severe"		"Turning in bed and adjusting bed clothes scale [UPDRS]"	"Measurement"	"Clinical Observation"	"46238159 | 46237421 | 45884153 | 46237422 | 46238054"	"Helpless | Can turn alone or adjust sheets, but with great difficulty | Normal | Can initiate, but not turn or adjust sheets alone | Somewhat slow and clumsy, but no help needed"		"LOINC"		
480	"AMP-PD"	"upd2210_tremor"	"2.10 MDS-UPDRS - Tremor (UPD2210)"	"Normal | Slight | Mild | Moderate | Severe"		"Tremor scale [UPDRS]"	"Measurement"	"Clinical Observation"	"46238165 | 45884086 | 46237864 | 46237818 | 46237618"	"Marked; interferes with most activities | Absent | Moderate; bothersome to patient | Severe; interferes with many activities | Slight and infrequently present"		"LOINC"		
481	"AMP-PD"	"upd2211_get_out_of_bed_car_or_deep_chair"	"2.11 MDS-UPDRS - Get Out Of Bed, Car, Or Deep Chair (UPD2211)"	"Normal | Slight | Mild | Moderate | Severe"		"UPD2-Get Out of Bed/Car/Deep Chair"	"Observation"	"Observable Entity"	"Can initiate, but not turn or adjust sheets alone | Can turn alone or adjust sheets, but with great difficulty | Helpless | Normal | Somewhat slow and clumsy, but no help needed"			"CDISC"		
482	"AMP-PD"	"upd2212_walking_and_balance"	"2.12 MDS-UPDRS - Walking And Balance (UPD2212)"	"Normal | Slight | Mild | Moderate | Severe"		"Walking scale [UPDRS]"	"Measurement"	"Clinical Observation"	"46237423 | 46238164 | 46237173 | 45884153 | 46237817"	"Mild difficulty. May not swing arms or may tend to drag leg | Severe disturbance of walking, requiring assistance | Cannot walk at all, even with assistance | Normal | Moderate difficulty, but requires little or no assistance"		"LOINC"		
483	"AMP-PD"	"upd2213_freezing"	"2.13 MDS-UPDRS - Freezing (UPD2213)"	"Normal | Slight | Mild | Moderate | Severe"		"Walking freeze scale [UPDRS]"	"Measurement"	"Clinical Observation"	"46237454 | 46237863 | 46237981 | 46238163 | 45878582"	"Rare freezing when walking; may have start hesitation | Frequent freezing. Occasionally falls from freezing | Occasional freezing when walking | Frequent falls from freezing | None"		"LOINC"		
484	"AMP-PD"	"upd2301_speech_problems"	"3.01 MDS-UPDRS - Speech Problems (UPD2301)"	"Normal | Slight | Mild | Moderate | Severe"		"Speech [UPDRS]"	"Observation"	"Clinical Observation"	"45877135 | 45882621 | 45881765 | 45884153 | 45878905"	"Monotone, slurred but understandable; moderately impaired | Unintelligible | Marked impairment, difficult to understand | Normal | Slight loss of expression, diction, and/or volume"		"LOINC"		
485	"AMP-PD"	"upd2302_facial_expression"	"3.02 MDS-UPDRS - Facial Expression (UPD2302)"	"Normal | Slight | Mild | Moderate | Severe"		"Facial expression [UPDRS]"	"Observation"	"Clinical Observation"	"45882622 | 45881768 | 45881767 | 45884153 | 45881766"	"Masked or fixed faces with severe or complete loss of facial expression; lips parted one fourth inch or more | Moderate hypomimia; lips parted some of time | Slight but definitely abnormal diminution of facial expression | Normal | Minimal hypomimia, could be normal ""Poker Face"""		"LOINC"		
486	"AMP-PD"	"upd2303a_rigidity_neck"	"3.03a MDS-UPDRS - Rigidity Neck (UPD2303A)"	"Normal | Slight | Mild | Moderate | Severe"		"Rigidity Neck [UPDRS]"	"Measurement"	"Clinical Observation"	"45884086 | 45876873 | 45883241 | 45876872 | 46237628"	"Absent | Mild to moderate | Marked, but full range of motion easily achieved | Slight or detectable only when activated by mirror or other movements | Severe, range of motion achieved with difficulty"		"LOINC"		
487	"AMP-PD"	"upd2303b_rigidity_rt_upper_extremity"	"3.03b MDS-UPDRS - Rigidity Right Upper Extremity (UPD2303B)"	"Normal | Slight | Mild | Moderate | Severe"		"Rigidity Upper extremity - right [UPDRS]"	"Measurement"	"Clinical Observation"	"45884086 | 45876873 | 45883241 | 45876872 | 46237628"	"Absent | Mild to moderate | Marked, but full range of motion easily achieved | Slight or detectable only when activated by mirror or other movements | Severe, range of motion achieved with difficulty"		"LOINC"		
488	"AMP-PD"	"upd2303c_rigidity_left_upper_extremity"	"3.03c MDS-UPDRS - Rigidity Left Upper Extremity (UPD2303C)"	"Normal | Slight | Mild | Moderate | Severe"		"Rigidity Upper extremity - left [UPDRS]"	"Measurement"	"Clinical Observation"	"45884086 | 45876873 | 45883241 | 45876872 | 46237628"	"Absent | Mild to moderate | Marked, but full range of motion easily achieved | Slight or detectable only when activated by mirror or other movements | Severe, range of motion achieved with difficulty"		"LOINC"		
489	"AMP-PD"	"upd2303d_rigidity_rt_lower_extremity"	"3.03e MDS-UPDRS - Rigidity Left Lower Extremity"	"Normal | Slight | Mild | Moderate | Severe"		"Rigidity Lower extremity - right [UPDRS]"	"Measurement"	"Clinical Observation"	"45884086 | 45876873 | 45883241 | 45876872 | 46237628"	"Absent | Mild to moderate | Marked, but full range of motion easily achieved | Slight or detectable only when activated by mirror or other movements | Severe, range of motion achieved with difficulty"		"LOINC"		
490	"AMP-PD"	"upd2303e_rigidity_left_lower_extremity"	"3.03e MDS-UPDRS - Rigidity Left Lower Extremity (UPD2303E)"	"Normal | Slight | Mild | Moderate | Severe"		"Rigidity Lower extremity - left [UPDRS]"	"Measurement"	"Clinical Observation"	"45884086 | 45876873 | 45883241 | 45876872 | 46237628"	"Absent | Mild to moderate | Marked, but full range of motion easily achieved | Slight or detectable only when activated by mirror or other movements | Severe, range of motion achieved with difficulty"		"LOINC"		
491	"AMP-PD"	"upd2304a_right_finger_tapping"	"3.04a MDS-UPDRS - Right Finger Tapping (UPD2304A)"	"Normal | Slight | Mild | Moderate | Severe"		"Finger taps - right [UPDRS]"	"Observation"	"Clinical Observation"	"46237174 | 45884153 | 46237621 | 46237594 | 46237614"	"Moderately impaired. Definite and early fatiguing. May have occasional arrests in movement | Normal | Severely impaired. Frequent hesitation in initiating movements or arrests in ongoing movement | Mild slowing and/or reduction in amplitude | Can barely perform the task"		"LOINC"		
492	"AMP-PD"	"upd2304b_left_finger_tapping"	"3.04b MDS-UPDRS - Left Finger Tapping (UPD2304B)"	"Normal | Slight | Mild | Moderate | Severe"		"Finger taps - left [UPDRS]"	"Observation"	"Clinical Observation"	"46237174 | 45884153 | 46237621 | 46237594 | 46237614"	"Moderately impaired. Definite and early fatiguing. May have occasional arrests in movement | Normal | Severely impaired. Frequent hesitation in initiating movements or arrests in ongoing movement | Mild slowing and/or reduction in amplitude | Can barely perform the task"		"LOINC"		
493	"AMP-PD"	"upd2305a_right_hand_movements"	"3.05a MDS-UPDRS - Right Hand Movements (UPD2305A)"	"Normal | Slight | Mild | Moderate | Severe"		"Hand movements - right [UPDRS]"	"Observation"	"Clinical Observation"	"46237174 | 45884153 | 46237621 | 46237594 | 46237614"	"Moderately impaired. Definite and early fatiguing. May have occasional arrests in movement | Normal | Severely impaired. Frequent hesitation in initiating movements or arrests in ongoing movement | Mild slowing and/or reduction in amplitude | Can barely perform the task"		"LOINC"		
494	"AMP-PD"	"upd2305b_left_hand_movements"	"3.05b MDS-UPDRS - Left Hand Movements (UPD2305B)"	"Normal | Slight | Mild | Moderate | Severe"		"Hand movements - left [UPDRS]"	"Observation"	"Clinical Observation"	"46237174 | 45884153 | 46237621 | 46237594 | 46237614"	"Moderately impaired. Definite and early fatiguing. May have occasional arrests in movement | Normal | Severely impaired. Frequent hesitation in initiating movements or arrests in ongoing movement | Mild slowing and/or reduction in amplitude | Can barely perform the task"		"LOINC"		
495	"AMP-PD"	"upd2306a_pron_sup_movement_right_hand"	"3.06a MDS-UPDRS - Pronanation-Supination Movement Of Right Hand (UPD2306A)"	"Normal | Slight | Mild | Moderate | Severe"		"Hand movements - right [UPDRS]"	"Observation"	"Clinical Observation"	"46237174 | 45884153 | 46237621 | 46237594 | 46237614"	"Moderately impaired. Definite and early fatiguing. May have occasional arrests in movement | Normal | Severely impaired. Frequent hesitation in initiating movements or arrests in ongoing movement | Mild slowing and/or reduction in amplitude | Can barely perform the task"		"LOINC"		
496	"AMP-PD"	"upd2306b_pron_sup_movement_left_hand"	"3.06b MDS-UPDRS - Pronanation-Supination Movement Of Left Hand (UPD2306B)"	"Normal | Slight | Mild | Moderate | Severe"		"Hand movements - left [UPDRS]"	"Observation"	"Clinical Observation"	"46237174 | 45884153 | 46237621 | 46237594 | 46237614"	"Moderately impaired. Definite and early fatiguing. May have occasional arrests in movement | Normal | Severely impaired. Frequent hesitation in initiating movements or arrests in ongoing movement | Mild slowing and/or reduction in amplitude | Can barely perform the task"		"LOINC"		
497	"AMP-PD"	"upd2307a_right_toe_tapping"	"3.07a MDS-UPDRS - Right Toe Tapping (UPD2307A)"	"Normal | Slight | Mild | Moderate | Severe"		"UPD2-Right Toe Tapping"	"Observation"	"Observable Entity"				"CDISC"		
498	"AMP-PD"	"upd2307b_left_toe_tapping"	"3.07b MDS-UPDRS - Left Toe Tapping (UPD2307B)"	"Normal | Slight | Mild | Moderate | Severe"		"UPD2-Left Toe Tapping"	"Observation"	"Observable Entity"				"CDISC"		
499	"AMP-PD"	"upd2308a_right_leg_agility"	"3.08a MDS-UPDRS - Right Leg Agility (UPD2308A)"	"Normal | Slight | Mild | Moderate | Severe"		"Leg agility - right [UPDRS]"	"Observation"	"Clinical Observation"	"46237174 | 45884153 | 46237621 | 46237594 | 46237614"	"Moderately impaired. Definite and early fatiguing. May have occasional arrests in movement | Normal | Severely impaired. Frequent hesitation in initiating movements or arrests in ongoing movement | Mild slowing and/or reduction in amplitude | Can barely perform the task"		"LOINC"		
500	"AMP-PD"	"upd2308b_left_leg_agility"	"3.08b MDS-UPDRS - Left Leg Agility (UPD2308B)"	"Normal | Slight | Mild | Moderate | Severe"		"Leg agility - left [UPDRS]"	"Observation"	"Clinical Observation"	"46237174 | 45884153 | 46237621 | 46237594 | 46237614"	"Moderately impaired. Definite and early fatiguing. May have occasional arrests in movement | Normal | Severely impaired. Frequent hesitation in initiating movements or arrests in ongoing movement | Mild slowing and/or reduction in amplitude | Can barely perform the task"		"LOINC"		
501	"AMP-PD"	"upd2309_arising_from_chair"	"3.09 MDS-UPDRS - Arising from Chair (UPD2309)"	"Normal | Slight | Mild | Moderate | Severe"		"Arising from chair [UPDRS]"	"Observation"	"Clinical Observation"	"46237176 | 45884153 | 46237175 | 46237179 | 45877112"	"Tends to fall back and may have to try more than one time, but can get up without help | Normal | Pushes self up from arms of seat | Slow; or may need more than one attempt | Unable to arise without help"		"LOINC"		
502	"AMP-PD"	"upd2310_gait"	"3.10 MDS-UPDRS - Gait (UPD2310)"	"Normal | Slight | Mild | Moderate | Severe"		"Gait - parkinsons [UPDRS]"	"Observation"	"Clinical Observation"	"46237616 | 46237173 | 46237624 | 45884153 | 46237177"	"Walks with difficulty, but requires little or no assistance; may have some festination, short steps, or propulsion | Cannot walk at all, even with assistance | Severe disturbance of gait, requiring assistance | Normal | Walks slowly, may shuffle with short steps, but no festination hastening steps or propulsion"		"LOINC"		
503	"AMP-PD"	"upd2311_freezing_of_gait"	"3.11 MDS-UPDRS - Freezing Of Gait (UPD2311)"	"Normal | Slight | Mild | Moderate | Severe"		"Walking freeze scale [UPDRS]"	"Measurement"	"Clinical Observation"	"46237454 | 46237863 | 46237981 | 46238163 | 45878582"	"Rare freezing when walking; may have start hesitation | Frequent freezing. Occasionally falls from freezing | Occasional freezing when walking | Frequent falls from freezing | None"		"LOINC"		
504	"AMP-PD"	"upd2312_postural_stability"	"3.12 MDS-UPDRS - Postural Stability (UPD2312)"	"Normal | Slight | Mild | Moderate | Severe"		"Postural stability - retropulsion test [UPDRS]"	"Observation"	"Clinical Observation"	"46237181 | 46237595 | 46237622 | 45884153 | 46237611"	"Unable to stand without assistance | Very unstable, tends to lose balance spontaneously | Absence of postural response; would fall if not caught by examiner | Normal | Retropulsion, but recovers unaided"		"LOINC"		
505	"AMP-PD"	"upd2313_posture"	"3.13 MDS-UPDRS - Posture (UPD2313)"	"Normal | Slight | Mild | Moderate | Severe"		"Posture [UPDRS]"	"Observation"	"Clinical Observation"	"46237615 | 45881724 | 46237180 | 45884630 | 46237623"	"Moderately stooped posture, definitely abnormal; can be slightly leaning to one side | Marked flexion with extreme abnormality of posture | Severely stooped posture with kyphosis; can be moderately leaning to one side | Normal erect | Not quite erect, slightly stooped posture; could be normal for older person"		"LOINC"		
506	"AMP-PD"	"upd2314_body_bradykinesia"	"3.14 MDS-UPDRS - Body Bradykinesia (UPD2314)"	"Normal | Slight | Mild | Moderate | Severe"		"Body bradykinesia - hypokinesia [UPDRS]"	"Observation"	"Clinical Observation"	"46237625 | 46237626 | 46237617 | 45878582 | 46237612"	"Minimal slowness, giving movement a deliberate character; could be normal for some persons. Possibly reduced amplitude | Mild degree of slowness and poverty of movement which is definitely abnormal. Alternatively, some reduced amplitude | Moderate slowness, poverty or small amplitude of movement | None | Marked slowness, poverty or small amplitude of movement"		"LOINC"		
507	"AMP-PD"	"upd2315a_postural_tremor_of_right_hand"	"3.15a MDS-UPDRS - Postural Tremor Of Right Hand (UPD2315A)"	"Normal | Slight | Mild | Moderate | Severe"		"Postural tremor Upper extremity - right [UPDRS]"	"Measurement"	"Clinical Observation"	"45884086 | 46237638 | 46237619 | 46237620 | 46237627"	"Absent | Moderate in amplitude with posture holding as well as action | Slight; present with action | Moderate in amplitude, present with action | Marked in amplitude; interferes with feeding"		"LOINC"		
508	"AMP-PD"	"upd2315b_postural_tremor_of_left_hand"	"3.15b MDS-UPDRS - Postural Tremor Of Left Hand (UPD2315B)"	"Normal | Slight | Mild | Moderate | Severe"		"Postural tremor Upper extremity - left [UPDRS]"	"Measurement"	"Clinical Observation"	"46237638 | 45884086 | 46237619 | 46237620 | 46237627"	"Moderate in amplitude with posture holding as well as action | Absent | Slight; present with action | Moderate in amplitude, present with action | Marked in amplitude; interferes with feeding"		"LOINC"		
509	"AMP-PD"	"upd2316a_kinetic_tremor_of_right_hand"	"3.16a MDS-UPDRS - Kinetic Tremor Of Right Hand (UPD2316A)"	"Normal | Slight | Mild | Moderate | Severe"		"UPD2-Kinetic Tremor of Right Hand"	"Observation"	"Observable Entity"				"CDISC"		
510	"AMP-PD"	"upd2316b_kinetic_tremor_of_left_hand"	"3.16b MDS-UPDRS - Kinetic Tremor Of Left Hand (UPD2316B)"	"Normal | Slight | Mild | Moderate | Severe"		"UPD2-Kinetic Tremor of Left Hand"	"Observation"	"Observable Entity"				"CDISC"		
511	"AMP-PD"	"upd2317a_rest_tremor_amplitude_right_upper_extremity"	"3.17a MDS-UPDRS - Rest Tremor Amplitude Right Upper Extremity (UPD2317A)"	"Normal | Slight | Mild | Moderate | Severe"		"Tremor at rest Upper extremity - right [UPDRS]"	"Measurement"	"Clinical Observation"	"46237182 | 46237178 | 45884086 | 46237618 | 46238175"	"Moderate in amplitude and present most of the time | Marked in amplitude and present most of the time | Absent | Slight and infrequently present | Mild in amplitude and persistent. Or moderate in amplitude, but only intermittently present"		"LOINC"		
512	"AMP-PD"	"upd2317b_rest_tremor_amplitude_left_upper_extremity"	"3.17b MDS-UPDRS - Rest Tremor Amplitude Left Upper Extremity (UPD2317B)"	"Normal | Slight | Mild | Moderate | Severe"		"UPD2-Rest Tremor Amplitude LUE"	"Observation"	"Observable Entity"				"CDISC"		
513	"AMP-PD"	"upd2317c_rest_tremor_amplitude_right_lower_extremity"	"3.17c MDS-UPDRS - Rest Tremor Amplitude Right Lower Extremity (UPD2317C)"	"Normal | Slight | Mild | Moderate | Severe"		"Tremor at rest Lower extremity - right [UPDRS]"	"Measurement"	"Clinical Observation"	"46237182 | 46237178 | 45884086 | 46237618 | 46238175"	"Moderate in amplitude and present most of the time | Marked in amplitude and present most of the time | Absent | Slight and infrequently present | Mild in amplitude and persistent. Or moderate in amplitude, but only intermittently present"		"LOINC"		
514	"AMP-PD"	"upd2317d_rest_tremor_amplitude_left_lower_extremity"	"3.17d MDS-UPDRS - Rest Tremor Amplitude Left Lower Extremity (UPD2317D)"	"Normal | Slight | Mild | Moderate | Severe"		"Tremor at rest Lower extremity - left [UPDRS]"	"Measurement"	"Clinical Observation"	"46237182 | 46237178 | 45884086 | 46237618 | 46238175"	"Moderate in amplitude and present most of the time | Marked in amplitude and present most of the time | Absent | Slight and infrequently present | Mild in amplitude and persistent. Or moderate in amplitude, but only intermittently present"		"LOINC"		
515	"AMP-PD"	"upd2317e_rest_tremor_amplitude_lip_or_jaw"	"3.17e MDS-UPDRS - Rest Tremor Amplitude Lip Or Jaw (UPD2317E)"	"Normal | Slight | Mild | Moderate | Severe"		"Tremor at rest Face [UPDRS]"	"Measurement"	"Clinical Observation"	"46237182 | 46237178 | 45884086 | 46237618 | 46238175"	"Moderate in amplitude and present most of the time | Marked in amplitude and present most of the time | Absent | Slight and infrequently present | Mild in amplitude and persistent. Or moderate in amplitude, but only intermittently present"		"LOINC"		
516	"AMP-PD"	"upd2318_consistency_of_rest_tremor"	"3.18 MDS-UPDRS - Consistency Of Rest Tremor (UPD2318)"	"Normal | Slight | Mild | Moderate | Severe"		"UPD2-Consistency of Rest Tremor"	"Observation"	"Observable Entity"				"CDISC"		
517	"AMP-PD"	"upd23a_medication_for_pd"	"3a MDS-UPDRS - Medication For Parkinson's Disease (UPD23A)"	"No | Yes"		"UPD2-Medication for PD"	"Observation"	"Observable Entity"				"CDISC"		
518	"AMP-PD"	"upd23b_clinical_state_on_medication"	"3b MDS-UPDRS - Clinical State On Medication (UPD23B)"	"Off | On"		"UPD2-Clinical State on Meds"	"Observation"	"Observable Entity"				"CDISC"		
519	"AMP-PD"	"upd2401_time_spent_with_dyskinesias"	"4.01 MDS-UPDRS - Time Spent With Dyskinesias (UPD2401)"	"Normal | Slight | Mild | Moderate | Severe"		"Dyskinesia duration per day in the past week [UPDRS]"	"Observation"	"Clinical Observation"	"46237819 | 46237820 | 45878582 | 46237865 | 46237982"	"1-25% of day | 51-75% of day | None | 76-100% of day | 26-50% of day"		"LOINC"		
520	"AMP-PD"	"upd2402_functional_impact_of_dyskinesias"	"4.02 MDS-UPDRS - Functional Impact Of Dyskinesias (UPD2402)"	"Normal | Slight | Mild | Moderate | Severe"		"Dyskinesias panel [UPDRS]"	"Measurement"	"Clinical Observation"				"LOINC"		
521	"AMP-PD"	"upd2403_time_spent_in_the_off_state"	"4.03 MDS-UPDRS - Time Spent In The Off State (UPD2403)"	"Normal | Slight | Mild | Moderate | Severe"		"Average proportion of waking day the patient is off in the past week [UPDRS]"	"Observation"	"Clinical Observation"	"46237819 | 46237820 | 45878582 | 46237865 | 46237982"	"1-25% of day | 51-75% of day | None | 76-100% of day | 26-50% of day"		"LOINC"		
522	"AMP-PD"	"upd2404_functional_impact_of_fluctuations"	"4.04 MDS-UPDRS - Functional Impact Of Fluctuations (UPD2404)"	"Normal | Slight | Mild | Moderate | Severe"		"Clinical fluctuations panel [UPDRS]"	"Measurement"	"Clinical Observation"				"LOINC"		
523	"AMP-PD"	"upd2405_complexity_of_motor_fluctuations"	"4.05 MDS-UPDRS - Complexity Of Motor Fluctuations (UPD2405)"	"Normal | Slight | Mild | Moderate | Severe"		"Clinical fluctuations panel [UPDRS]"	"Measurement"	"Clinical Observation"				"LOINC"		
524	"AMP-PD"	"upd2406_painful_off_state_dystonia"	"4.06 MDS-UPDRS - Painful Off-State Dystonia (UPD2406)"	"Normal | Slight | Mild | Moderate | Severe"		"Early morning dystonia in the past week [UPDRS]"	"Observation"	"Clinical Observation"	"45878245 | 45877994"	"No | Yes"		"LOINC"		
525	"AMP-PD"	"upd2da_dyskinesias_during_exam"	"3.19 MDS-UPDRS - Dyskinesias During Exam (UPD2DA)"	"No | Yes"		"Dyskinesias panel [UPDRS]"	"Measurement"	"Clinical Observation"				"LOINC"		
526	"AMP-PD"	"upd2db_movements_interfere_with_ratings"	"3.20 MDS-UPDRS - Movements Interfere with Ratings (UPD2DB)"	"No | Yes"		"UPD2-Movements Interfere Ratings"	"Observation"	"Observable Entity"				"CDISC"		
527	"AMP-PD"	"upd2hy_hoehn_and_yahr_stage"	"3.21 MDS-UPDRS - Hoehn And Yahr Stage (UPD2HY)"	"Stage 0 | Stage 1 | Stage 1.5 | Stage 2 | Stage 2.5 | Stage 3 | Stage 4 | Stage 5"		"Modified Hoen and Yahr stage [UPDRS]"	"Observation"	"Clinical Observation"	"46237823 | 46237984 | 46238167 | 46237983 | 46237867 | 46237426 | 46237457 | 46237985"	"Bilateral disease, without impairment of balance | Mild to moderate bilateral disease; some postural instability; physically independent | Severe disability; still able to walk or stand unassisted | Unilateral plus axial involvement | Mild bilateral disease, with recovery on pull test | No signs of disease | Unilateral disease | Wheelchair bound or bedridden unless aided"		"LOINC"		
534	"AMP-PD"	"upsit_performed"	"UPSIT Performed Indicator"	"Completed | Not completed | Partially completed"		"Assessment using University of Pennsylvania Smell Identification Test"	"Measurement"	"Procedure"				"SNOMED"		
536	"AMP-PD"	"use_of_pd_medication"	"Is Subject On Medication For PD?"	"No | Yes | Unknown"		"Are you currently prescribed medications and/or receiving treatment for Parkinson's disease?"	"Observation"	"Question"	"Are you currently prescribed medications and/or receiving treatment for Parkinson's disease? - No | Are you currently prescribed medications and/or receiving treatment for Parkinson's disease? - Yes"			"PPI"		
537	"AMP-PD"	"vis_halluc"	"Recurrent visual hallucinations"	"Yes | No | NA"		"Visual hallucinations"	"Condition"	"Clinical Finding"				"SNOMED/Condition/S"		
542	"AMP-RA-SLE"	"age_at_visit"	"Age of participant at time of clinical visit"	"Continuous; Range: 0-120; Unit: years"		"Age"	"Observation"	"Clinical Observation"				"LOINC"		"years"
546	"AMP-RA-SLE"	"diagnosis"	"The diagnosis is an opportunity for the site investigator to give their opinion on a participant's most likely clinical diagnosis, regardless of cohort. The diagnosis may change over time because the site investigator may update the diagnosis at every longitudinal visit based on their opinion.ś"	"At-Risk RA, CLE, LN, OA, PsA, PsO, RA, SLE, SjD, control, dermatomyositis, scleroderma, vitiligo"		"Diagnosis"	"Observation"	"Observable Entity"				"SNOMED"		
547	"AMP-RA-SLE"	"ethnicity"	"Ethnicity"	"Not Hispanic or Latino | Hispanic or Latino | Unknown"		"Ethnicity OMB.1997"	"Observation"	"Clinical Observation"	"Hispanic or Latino | Not Hispanic or Latino"			"LOINC"		
549	"AMP-RA-SLE"	"height"	"Standing height of subject."			"Standing height"	"Measurement"	"Observable Entity"				"SNOMED"	"numeric"	
550	"AMP-RA-SLE"	"individualID"	"Unique identifier assigned to each study participant. For multi-specimen data files provide all IDs in a comma-separated list."	"Must be unique across the study; for multi-specimen data files provide all IDs in a comma-separated list"		"Participant identifier"	"Observation"	"Clinical Observation"				"LOINC"		
554	"AMP-RA-SLE"	"race"	"Race"	"White | Black or African American | Native Hawaiian or Other Pacific Islander | Asian | American Indian or Alaska Native | Unknown | Multiracial"		"Race"	"Observation"	"Clinical Observation"	"American Indian or Alaska Native | American Indian/Alaskan Native | Asian | Asian Indian | Black or African American | Black/African American | I choose not to answer this question | Multiple races | Native Hawaiian | Native Hawaiian or Other Pacific Islander | Other | Other Pacific Islander | Pacific Islander | Prefer not to say | Samoan or Native Hawaiian | Unknown | White"			"LOINC"		
555	"AMP-RA-SLE"	"sex"	"Sex"	"Male | Female | Intersex | Unknown"		"Recorded sex or gender"	"Observation"	"Clinical Observation"	"< | F | M | X"			"LOINC"		
